id,subtype,confidence,method_used,crf_details
PV383164.1,C,0.5,Local Alignment (Fallback),N/A
PV383163.1,F1,0.5,Local Alignment (Fallback),N/A
PV383162.1,B,0.5,Local Alignment (Fallback),N/A
PV383161.1,A1,0.5,Local Alignment (Fallback),N/A
PV383160.1,B,0.5,Local Alignment (Fallback),N/A
PV383159.1,A1,0.5,Local Alignment (Fallback),N/A
PV383157.1,F1,0.5,Local Alignment (Fallback),N/A
PV383156.1,C,0.5,Local Alignment (Fallback),N/A
PV383154.1,A1,0.5,Local Alignment (Fallback),N/A
PV383153.1,D,0.5,Local Alignment (Fallback),N/A
PV383150.1,CRF01_AE,0.5,Local Alignment (Fallback),N/A
PV383149.1,CRF01_AE,0.5,Local Alignment (Fallback),N/A
PV383148.1,A1,0.5,Local Alignment (Fallback),N/A
PV383147.1,D,0.5,Local Alignment (Fallback),N/A
PV383146.1,C,0.5,Local Alignment (Fallback),N/A
PV383145.1,A1,0.5,Local Alignment (Fallback),N/A
PV383144.1,A1,0.5,Local Alignment (Fallback),N/A
PV383143.1,C,0.5,Local Alignment (Fallback),N/A
PV383142.1,D,0.5,Local Alignment (Fallback),N/A
PV383141.1,A1,0.5,Local Alignment (Fallback),N/A
PV383138.1,D,0.5,Local Alignment (Fallback),N/A
PV383137.1,C,0.5,Local Alignment (Fallback),N/A
PV383136.1,CRF01_AE,0.5,Local Alignment (Fallback),N/A
PV383133.1,A1,0.5,Local Alignment (Fallback),N/A
PV383132.1,D,0.5,Local Alignment (Fallback),N/A
PV383131.1,D,0.5,Local Alignment (Fallback),N/A
PV383130.1,D,0.5,Local Alignment (Fallback),N/A
PV383129.1,A1,0.5,Local Alignment (Fallback),N/A
PV383123.1,A1,0.5,Local Alignment (Fallback),N/A
PV383122.1,A1,0.5,Local Alignment (Fallback),N/A
PV383121.1,B,0.5,Local Alignment (Fallback),N/A
PV383120.1,C,0.5,Local Alignment (Fallback),N/A
PV383119.1,F1,0.5,Local Alignment (Fallback),N/A
PV383118.1,CRF01_AE,0.5,Local Alignment (Fallback),N/A
PV383117.1,D,0.5,Local Alignment (Fallback),N/A
PV383116.1,C,0.5,Local Alignment (Fallback),N/A
PV383115.1,A1,0.5,Local Alignment (Fallback),N/A
PV383114.1,D,0.5,Local Alignment (Fallback),N/A
